Date,sigma_norm,ES_norm,beta_gold_norm,beta_topix_norm,beta_sp500_norm,beta_ust_norm,beta_jgb_norm,beta_usd_jpy_norm
2024-03-26,,,,,,,,
2024-03-27,,,,,,,,
2024-03-28,,,,,,,,
2024-03-29,,,,,,,,
2024-04-01,,,,,,,,
2024-04-02,,,,,,,,
2024-04-03,,,,,,,,
2024-04-04,,,,,,,,
2024-04-05,,,,,,,,
2024-04-08,,,,,,,,
2024-04-09,,,,,,,,
2024-04-10,,,,,,,,
2024-04-11,,,,,,,,
2024-04-12,,,,,,,,
2024-04-15,,,,,,,,
2024-04-16,,,,,,,,
2024-04-17,,,,,,,,
2024-04-18,,,,,,,,
2024-04-19,,,,,,,,
2024-04-22,,,,,,,,
2024-04-23,,,,,,,,
2024-04-24,,,,,,,,
2024-04-25,,,,,,,,
2024-04-26,,,,,,,,
2024-04-30,,,,,,,,
2024-05-01,,,,,,,,
2024-05-02,,,,,,,,
2024-05-07,,,,,,,,
2024-05-08,,,,,,,,
2024-05-09,,,,,,,,
2024-05-10,,,,,,,,
2024-05-13,,,,,,,,
2024-05-14,,,,,,,,
2024-05-15,,,,,,,,
2024-05-16,,,,,,,,
2024-05-17,,,,,,,,
2024-05-20,,,,,,,,
2024-05-21,,,,,,,,
2024-05-22,,,,,,,,
2024-05-23,,,,,,,,
2024-05-24,,,,,,,,
2024-05-27,,,,,,,,
2024-05-28,,,,,,,,
2024-05-29,,,,,,,,
2024-05-30,,,,,,,,
2024-05-31,,,,,,,,
2024-06-03,,,,,,,,
2024-06-04,,,,,,,,
2024-06-05,,,,,,,,
2024-06-06,,,,,,,,
2024-06-07,,,,,,,,
2024-06-10,,,,,,,,
2024-06-11,,,,,,,,
2024-06-12,,,,,,,,
2024-06-13,,,,,,,,
2024-06-14,,,,,,,,
2024-06-17,,,,,,,,
2024-06-18,,,,,,,,
2024-06-19,,,,,,,,
2024-06-20,,,,,,,,
2024-06-21,,,,,,,,
2024-06-24,,,,,,,,
2024-06-25,,,,,,,,
2024-06-26,,,,,,,,
2024-06-27,,,,,,,,
2024-06-28,,,,,,,,
2024-07-01,,,,,,,,
2024-07-02,,,,,,,,
2024-07-03,,,,,,,,
2024-07-04,,,,,,,,
2024-07-05,,,,,,,,
2024-07-08,,,,,,,,
2024-07-09,,,,,,,,
2024-07-10,,,,,,,,
2024-07-11,,,,,,,,
2024-07-12,,,,,,,,
2024-07-16,,,,,,,,
2024-07-17,,,,,,,,
2024-07-18,,,,,,,,
2024-07-19,,,,,,,,
2024-07-22,,,,,,,,
2024-07-23,,,,,,,,
2024-07-24,,,,,,,,
2024-07-25,,,,,,,,
2024-07-26,,,,,,,,
2024-07-29,,,,,,,,
2024-07-30,,,,,,,,
2024-07-31,,,,,,,,
2024-08-01,,,,,,,,
2024-08-02,,,,,,,,
2024-08-05,,,,,,,,
2024-08-06,,,,,,,,
2024-08-07,,,,,,,,
2024-08-08,,,,,,,,
2024-08-09,,,,,,,,
2024-08-13,,,,,,,,
2024-08-14,,,,,,,,
2024-08-15,,,,,,,,
2024-08-16,,,,,,,,
2024-08-19,,,,,,,,
2024-08-20,,,,,,,,
2024-08-21,,,,,,,,
2024-08-22,,,,,,,,
2024-08-23,,,,,,,,
2024-08-26,,,,,,,,
2024-08-27,,,,,,,,
2024-08-28,,,,,,,,
2024-08-29,,,,,,,,
2024-08-30,,,,,,,,
2024-09-02,,,,,,,,
2024-09-03,,,,,,,,
2024-09-04,,,,,,,,
2024-09-05,,,,,,,,
2024-09-06,,,,,,,,
2024-09-09,,,,,,,,
2024-09-10,,,,,,,,
2024-09-11,,,,,,,,
2024-09-12,,,,,,,,
2024-09-13,,,,,,,,
2024-09-17,,,,,,,,
2024-09-18,,,,,,,,
2024-09-19,,,,,,,,
2024-09-20,,,,,,,,
2024-09-24,,,,,,,,
2024-09-25,,,,,,,,
2024-09-26,,,,,,,,
2024-09-27,,,,,,,,
2024-09-30,,,,,,,,
2024-10-01,,,,,,,,
2024-10-02,,,,,,,,
2024-10-03,,,,,,,,
2024-10-04,,,,,,,,
2024-10-07,,,,,,,,
2024-10-08,,,,,,,,
2024-10-09,,,,,,,,
2024-10-10,,,,,,,,
2024-10-11,,,,,,,,
2024-10-15,,,,,,,,
2024-10-16,,,,,,,,
2024-10-17,,,,,,,,
2024-10-18,,,,,,,,
2024-10-21,,,,,,,,
2024-10-22,,,,,,,,
2024-10-23,,,,,,,,
2024-10-24,,,,,,,,
2024-10-25,,,,,,,,
2024-10-28,,,,,,,,
2024-10-29,,,,,,,,
2024-10-30,,,,,,,,
2024-10-31,,,,,,,,
2024-11-01,,,,,,,,
2024-11-05,,,,,,,,
2024-11-06,,,,,,,,
2024-11-07,,,,,,,,
2024-11-08,,,,,,,,
2024-11-11,,,,,,,,
2024-11-12,,,,,,,,
2024-11-13,,,,,,,,
2024-11-14,,,,,,,,
2024-11-15,,,,,,,,
2024-11-18,,,,,,,,
2024-11-19,,,,,,,,
2024-11-20,,,,,,,,
2024-11-21,,,,,,,,
2024-11-22,,,,,,,,
2024-11-25,,,,,,,,
2024-11-26,,,,,,,,
2024-11-27,,,,,,,,
2024-11-28,,,,,,,,
2024-11-29,,,,,,,,
2024-12-02,,,,,,,,
2024-12-03,,,,,,,,
2024-12-04,,,,,,,,
2024-12-05,,,,,,,,
2024-12-06,,,,,,,,
2024-12-09,,,,,,,,
2024-12-10,,,,,,,,
2024-12-11,,,,,,,,
2024-12-12,0.16078328578306403,,,,,,,
2024-12-13,0.15967583746099304,-1.2260818427323963,-0.04085761963770245,0.5934639819706294,-0.7140172030441925,-0.8425921746927983,-1.3119260156660086,-0.009070817330097859
2024-12-16,0.1530826263326189,-1.2260818427323963,-0.03857969430488564,0.4755685715522241,-0.6928328094052474,-0.7338664505158297,-1.293842798790034,-0.02914218376424031
2024-12-17,-0.15911878871696664,-1.2260818427323963,0.009591663463403245,0.4209316500322843,-0.6409076158081429,-0.6475430303894695,-1.2174329085976765,-0.012170950126048524
2024-12-18,-1.0471830242782991,-1.1604903912032771,0.1562211002484954,0.17452183176044572,-0.43570084285439475,-0.8778849854489151,-1.0924315690302593,-0.13555544811729558
2024-12-19,-1.0582562829342947,-1.0,0.08569198892112502,-0.8403975550674878,-2.677257125133851,-1.3396858660393811,-0.8886333156355178,-0.17659782935176854
2024-12-20,-0.8824299920442498,-0.5921968806863821,0.08803419303792547,-0.760709743107063,-2.835292130609656,-1.4547239114330577,-0.7984704755036278,-0.273389297466899
2024-12-23,-0.6171925820408851,-0.1843937613728619,0.14868401441321666,-1.0250552042180645,-2.622808339291131,-1.1121890673888184,-0.6363232648757304,-0.5262272762716805
2024-12-24,-0.6173759787329912,-0.1843937613728619,0.2714885347297297,-0.7738844418386077,-2.1928176997536597,-1.523657289490467,-0.7178846081854949,-0.7416357061977328
2024-12-25,0.2451920621212989,-0.1843937613728619,0.2538063982799695,-0.6628535187391397,-2.355738201042534,-1.886527131665381,-0.710297574189708,-0.7642305512421504
2024-12-26,1.9734316021733018,-0.1843937613728619,0.17227231778220758,-0.6467070355717373,-1.7967160292452915,-1.7011466312130672,-0.8776416414231654,-0.7813487091780967
2024-12-27,1.7805435091316593,-0.1843937613728619,0.3195011001973658,0.9762758067809232,-1.8307542243794457,-1.8191056771166545,-1.0943425377889688,-0.7524669570494502
2024-12-30,1.6230306879624234,-0.1843937613728619,0.31245561122993315,0.6633167072308321,-2.4019084935902066,-2.6405635316180964,-1.4040120919557653,-0.7413792409017662
2025-01-06,2.390874466266103,-0.1843937613728619,0.3107015699381341,0.502414037189384,-2.2080293373420545,-2.398315207112796,-1.3753586786089311,-0.7733526908883434
2025-01-07,2.362200828909484,-8.40332137560115,0.20960902068580708,1.00722833460141,-2.5696721764545534,-1.8700315729746608,-1.2771278552429823,-0.8124654750110896
2025-01-08,2.308161046453373,-8.40332137560115,0.2713675837585249,0.9811310994409833,-2.7590904031908132,-1.9928424669716218,-1.2197086369483612,-0.7887981569924208
2025-01-09,2.477968069085328,-8.40332137560115,0.2718174925767207,2.186082710869514,-2.610306214084836,-2.003409570702487,-1.0830609494592052,-0.7884171045560288
2025-01-10,2.6505973307438997,-8.40332137560115,0.23828886508673283,2.458390157942124,-2.391349772381693,-2.0830210552179835,-1.0594836263596663,-0.7790200536158881
2025-01-14,2.6228650306053334,-8.40332137560115,-0.008807728233861029,2.9141131098150055,-2.1592914553271294,-1.82951823285768,-1.0328538176139783,-0.07111882772644133
2025-01-15,2.4861577479188095,-8.31112449491472,0.005965912341183555,2.7560312919139838,-1.6667042184613536,-2.0831420903283155,-0.8005506990931764,-0.06854741140407479
2025-01-16,2.0868439592877746,-8.218927614228289,0.09077660005970412,2.7634393317069477,-1.1543008837674842,-1.5941948707364355,-0.773047052579298,-0.10167312119703747
2025-01-17,2.142177925320311,-21.16669238360791,-0.11851171897828025,2.329042031662803,-1.2030962694143894,-1.9096784631129136,-0.7745801356183871,-0.11589538508222211
2025-01-20,2.292341674082668,-44.57269895161381,-0.12712958030323668,2.5140720835309884,-1.2000211431831087,-1.8473610668250577,-0.5936901263837777,0.06536655361424527
2025-01-21,2.2435629248189017,-44.57269895161381,0.0024652140857859385,2.761690889099557,-0.9318350393760795,-1.5807682283806905,-0.5955548914088361,0.17145269105260522
2025-01-22,2.3334117955873213,-44.57269895161381,0.5036679977340496,2.570713018104839,-0.9593214695155984,-1.2376560867328843,-0.5125340131972388,0.08775749374069182
2025-01-23,1.3659673116142856,-44.57269895161381,0.5729583072969497,3.0144500981770896,-0.6939932733350791,-1.327003017047985,-0.4358259287153647,0.17922384844734168
2025-01-24,1.0593903663940984,-44.57269895161381,1.0829726645902022,3.4962889547742537,-0.7769370964788704,-1.0639305371328234,-0.5366503159635666,0.12470786204600003
2025-01-27,0.9903181265475455,-40.75428330258648,1.5139417079137498,3.8526591445057403,-0.48600628474259233,-0.7719485343361033,-0.3715432406720236,0.09470342131272894
2025-01-28,0.8478294477777666,-3.64249231985625,1.161193223466365,3.6815258524464727,-0.7551058556260875,-0.6514987369218425,-0.5379417472435674,0.009756087936662659
2025-01-29,0.822081681325137,-0.9760503612826219,1.1407202988948117,3.3587588616577624,-0.7883636866818924,-0.6837573795100367,-0.5781804211387568,0.03961777588553442
2025-01-30,-0.8566422817299849,-0.9760503612826219,1.236346841274917,3.3326769998329455,-0.5684417375758967,-0.641913582537884,-0.8413111454122799,0.07161393813264576
2025-01-31,-1.2724942355400846,6.923645277516566,-0.6396754915625091,0.9085660006329217,-1.2884829160331757,-0.06675535385275767,-0.3698109234141281,-1.1210225078374834
2025-02-03,-5.75248491692009,8.013908399276275,-0.5295038695038141,3.1048973642714195,-1.709623670695421,0.4564189410200875,0.05426322267172695,-1.4116566851219317
2025-02-04,-9.392383134140886,22.538974126329666,-14.762041257776735,5.984635748096513,-4.485294586708458,0.8289831848017823,6.585680261116282,-5.130422339184327
2025-02-05,-9.171832585953723,22.538974126329666,-15.664626012217452,2.6917876334473414,-5.061439609738807,2.8078411742395963,9.338777838993733,-4.650169027113973
2025-02-06,-9.168363187219269,22.538974126329666,-14.404158762535536,6.424040522093476,-4.817613003660844,3.217271747732145,9.42627672721715,-4.419014417194555
2025-02-07,-8.933944464175763,22.538974126329666,-12.399298762973476,6.125025044206174,-4.235591215447831,3.111622203281496,9.02482953761226,-3.6502874439771977
2025-02-10,-9.207153219476282,22.538974126329666,-10.620100971490148,6.618770720885379,-3.95480025326408,3.2460476838827907,9.905364522510322,-3.7478479076496978
2025-02-12,-9.178805393579164,22.538974126329666,-10.856218783374102,7.093846813614521,-4.294351756834433,3.006682590437572,10.152061109657033,-3.934568737059199
2025-02-13,-8.078165518930179,22.538974126329666,-10.06447250671246,6.8430674766184705,-4.334757936546247,2.85646115977592,9.579293515565983,-4.1177676143577155
2025-02-14,-7.403063953098332,22.538974126329666,-9.175924571444376,6.45163806861753,-4.403951963903696,2.8566194286268862,9.69894867265344,-4.158480729023731
2025-02-17,-7.430467692493871,22.538974126329666,-9.56651544041164,6.394848790501694,-4.235630351355971,2.7174361385204,9.915530059160837,-4.423963246096842
2025-02-18,-6.902655986320212,22.538974126329666,-9.46134293116397,5.3461322517680525,-3.9714853784031185,2.7325942060305626,9.91397851454411,-4.673109327126511
2025-02-19,-6.58345858368638,22.538974126329666,-8.349114224074505,5.129629604279602,-3.898606122064839,2.5544782235711927,9.84382814703222,-4.517183058485002
2025-02-20,-6.343334429609014,22.538974126329666,-7.079912049523366,5.162845837900098,-3.727369753222434,2.4626476102946158,9.587697779207858,-4.468619469634667
2025-02-21,-5.487032658308353,8.27141412870234,-6.591623864945688,4.708372267669765,-3.4929106736255022,2.223299532433822,10.040778514897186,-4.463234616232408
2025-02-25,-3.129817781369246,2.7579849652470085,-5.941876433053276,3.4205025818749695,-3.064052972323723,2.1711773309504987,9.977598224057761,-4.381118561121736
2025-02-26,-1.3770407604429866,1.7857992217776604,-2.6327391223121084,2.374369166598309,-1.8127485098240994,2.05841352824941,4.035660795594783,-2.453396521224474
2025-02-27,-1.06260107073505,0.9584924794870273,-1.1317937960521427,1.7803294057228998,-0.9623399308554939,1.4547280561533884,1.3227531703231876,-1.134587971873647
2025-02-28,-1.0102370823701647,0.9584924794870273,-1.0836875951454539,1.0524973673067979,-0.9939656093677995,0.8122925289158818,1.054840946365794,-1.0573491889781226
2025-03-03,-0.9706315477415565,0.9584924794870273,-0.9754416636244077,0.9705968116547206,-1.080249336094874,0.7238729163673521,1.0802210991574943,-1.0591006935483975
2025-03-04,-0.9570207955143614,0.9584924794870273,-0.9360102918580158,0.9892072626939096,-1.2246974334892438,0.7888549110703812,1.1456482027518735,-0.9795959624178117
2025-03-05,-0.9108588436971565,0.9584924794870273,-0.9299254382807477,0.9680275661193355,-1.2059859894825522,0.8396759296264729,1.07745127699462,-0.9359592739486591
2025-03-06,-0.9312234980202345,0.9584924794870273,-0.8722974305445764,0.9833734790475177,-1.169866466875619,0.7840103033996707,0.9375337924497759,-0.9032825612440011
2025-03-07,-0.9262275212020497,0.9667408283372455,-0.9232531163269588,1.148393393174115,-1.150122775716372,0.8818279482037298,0.9626733051415385,-0.9570721856470491
2025-03-10,-0.9125448168240546,0.9667408283372455,-0.9443548197677727,1.020651572950544,-1.1605883770797645,0.9105461135416454,1.1225005587321089,-0.965948109623502
2025-03-11,-0.8990756301752802,0.9667408283372455,-0.9409061636802027,0.9808414703878988,-1.2227725659740882,0.9332833324513989,0.920154881013172,-0.9669317997785447
2025-03-12,-0.8882469040813705,0.9667408283372455,-0.9465678385859286,0.9430048183200007,-1.114485456759605,0.9939193549436017,0.8731678502855789,-0.9859140463272726
2025-03-13,-0.9037908787921619,0.9667408283372455,-0.9253532959647953,0.9059327768476161,-1.101648927535614,0.9810505162563488,0.8724555926593811,-0.9855308709015606
2025-03-14,-0.9255224212939557,0.9667408283372455,-0.9641337290334928,0.8695080408123592,-0.990879140013104,0.9435209592746372,0.9543566455892007,-1.0270194942957798
2025-03-17,-0.9117097895880217,0.8195233486964324,-1.030967305166151,0.8795726905813924,-0.97981102025338,0.9597188280477467,1.0120332966131613,-1.0348060664149328
2025-03-18,-0.6755564797579509,0.6491236027064162,-1.009775987603792,0.7380623326184867,-0.8944767328339007,0.9143819349093101,1.0411378033866927,-1.0284760142674638
2025-03-19,-0.335490098281152,0.3170948426037158,-0.5729537328540506,0.6739131268009801,-0.5673941925356771,0.7897910013487371,0.7381537958115219,-0.6617723785553798
2025-03-21,-0.2312662747367819,0.008248348850218131,-0.13465231153534998,0.46678038686818585,-0.1919491112073547,0.5969873809350531,0.2512755143561837,-0.38554348178182096
2025-03-24,-0.2208595632472814,0.008248348850218131,-0.15267163954150437,0.07041071871359092,-0.2735123143569125,0.3885337491670877,0.1825880405567561,-0.442794953946807
2025-03-25,-0.2189344780449,0.008248348850218131,-0.1574219899166726,0.009616922683569297,-0.2151714231141641,0.3514901625363321,0.16806264909724447,-0.4467105490231859
2025-03-26,-0.21065305716533958,0.008248348850218131,-0.06748089747342352,0.029404403886114157,-0.20361015516794953,0.3422276496929323,0.14237991629169897,-0.43223856174990816
2025-03-27,-0.20980951239043866,0.008248348850218131,-0.06871489642717649,0.02478818738527322,-0.19754781160765583,0.34358319578026664,0.12624500435769698,-0.4016212022073968
2025-03-28,-0.19716707147815493,0.008231375037012567,-0.10123318946209184,0.08871063843745709,-0.201344487168862,0.32953009466846017,0.0648527448337553,-0.4741385246886677
2025-03-31,-0.34013383993719143,0.00818087017908271,-0.3135275205203698,0.12413914649053229,-0.11209530266198268,0.22573187005785952,0.015995736730981723,-0.4960066964305125
2025-04-01,-0.3370930024649186,0.3112800546996881,-0.7598601813276735,-0.5645795739294307,-0.08364494719374783,0.09961535380970564,-0.1397999506122757,-0.728190123256881
2025-04-02,-0.3232614194684382,0.3112800546996881,-0.7939894593477812,-0.5364546631884043,-0.046443944949613285,0.07414267150151135,-0.14756494009770516,-0.7416358746303774
2025-04-03,-0.2428451784924502,0.3112800546996881,-0.8179107876983169,-0.4638450659580892,-0.02838866633608359,0.04286073973705585,-0.1021037514898612,-0.7321353753091999
2025-04-04,-0.1837735400851582,0.17409170305801508,-0.6702617685871006,-0.3262915839014175,0.2605651856444276,0.003704884112139162,-0.27643584989959663,-0.5313025302660132
2025-04-07,-0.11527778846784134,0.10760582589978325,-0.5320348405948526,-0.4092382877558695,0.43652497244156335,-0.10426825103076251,-0.30854856734217984,-0.3834584498457974
2025-04-08,-0.001121007875565986,-0.05908533969209383,-0.26713635208512904,-1.4402654319904882,0.4760360745500099,0.3192799757341991,-0.47633812856630836,-0.31055931944329895
2025-04-09,0.02914455568967089,-0.07009170774764233,-0.12333689870218045,-1.5115873910611188,0.4430154834489909,0.10142348313904324,-0.7688761568489961,-0.10319942284594268
2025-04-10,0.5278506979128492,-0.22777243139323672,-0.22506972517325508,-1.6054008585691155,0.13127011496211233,0.06738701422114862,-0.8996664518463939,-0.13109697888908373
2025-04-11,0.8726597844183264,-0.844176992520599,0.9379515211457313,-1.9003652528437434,-0.11445797491769702,-0.6030143924216829,-1.194249719327648,0.3168689224250867
2025-04-14,0.8735520638466345,-2.4009823127064673,0.6788530629255692,-1.8349217441097243,-0.1979827052763565,-0.8818202616191813,-1.2537108483034562,0.5801780186895508
2025-04-15,0.9949995140112898,-2.4009823127064673,0.671750483954057,-1.847310629636392,-0.23200946211930495,-0.9012820094570619,-0.996491910411036,0.5910750043912555
2025-04-16,0.9852083115885294,-2.4009823127064673,0.7836446326793476,-1.8112089968721719,-0.3214991057171125,-0.8226452937596143,-0.9145832357529152,0.4865677146559468
2025-04-17,0.9851450206413045,-2.4009823127064673,0.6571615637284275,-1.8143093788632618,-0.3937891600496018,-0.7949251356143758,-0.9237884599918054,0.474396686268778
2025-04-18,1.0159401840900606,-2.4009823127064673,0.680770175095114,-1.850213190711913,-0.42468898613988276,-0.7827975713538721,-0.9114362789861005,0.43306450721165357
2025-04-21,1.1025412757708124,-2.4009823127064673,0.641438480991234,-1.8419844400876229,-0.4810845941387856,-0.9491656779419664,-0.9250242544926139,0.26094952915655467
2025-04-22,1.016971687770827,-2.4009823127064673,0.6132072305524695,-1.794364068876889,-0.2830148021573804,-0.7014596470175165,-0.8974127623989744,0.42161557877309064
2025-04-23,1.252558472040644,-2.4009823127064673,-0.09618798574990124,-1.7728200752211165,-0.13934435207770143,-0.7128359296938789,-0.9122363865811589,0.33467209193070313
2025-04-24,1.3334662342694088,-2.4009823127064673,-3.1018103655712985,-1.6984090000246943,0.15485941873375886,-0.4718866272105257,-0.9138736434825621,0.8467057303243009
2025-04-25,1.1879381782692884,-2.4009823127064673,-2.803727194857627,-1.6379092925042866,0.3512730016139445,-0.265131524529532,-0.8425001240785057,0.9553008119144731
2025-04-28,1.3086236499980477,-2.4009823127064673,-3.29577052111549,-1.4277022537342783,0.3575952956903854,-0.10709277495390891,-0.8990632325501776,0.7558596188160247
2025-04-30,1.3511291103962466,-2.4009823127064673,-3.436355423777205,-1.0769716179313038,0.3878824040643252,0.07514444666538092,-0.8584103082516232,0.9035648289759017
2025-05-01,1.3450487270267242,-2.4009823127064673,-3.4841370520914765,-1.038817831357696,0.40633655319055517,0.21899323800539772,-0.8889130692180722,0.8753559795311552
2025-05-02,1.289113941169912,-2.4009823127064673,-3.836874335066476,-0.9860226912969047,0.36860113557895696,0.16658684175589247,-0.9016621617217899,0.8741697964449436
2025-05-07,1.1445500631777985,-1.728318466716525,-3.8558434815725016,-0.9605078883007337,0.4710849272044715,-0.4159691718684016,-0.8921368387447033,0.5679568328283383
2025-05-08,1.1083902835816983,-0.9390555838376957,-3.4119322999753363,-0.9650941579342264,0.3798825401568545,-0.6197371041017389,-0.9016013136786455,0.622535255024641
2025-05-09,0.9994772016016799,-0.9390555838376957,-2.144631135886082,-0.9384226176860533,0.17719792298633383,-0.026870274130193147,-0.8772596424937436,0.5900820665046782
2025-05-12,0.9047582430888833,-0.9390555838376957,-1.4780774810887614,-0.9434167856518986,0.10336550919589635,-0.46819077072789067,-0.8871377608148553,0.5145108647111405
2025-05-13,0.9817391909760683,-0.9390555838376957,-1.1076188649553729,-0.9344337878756273,0.31701458247283615,-0.005626133351936425,-0.8363263144842548,0.39001146633028155
2025-05-14,1.028534571236052,-0.9390555838376957,-0.9960649234791132,-0.9083074941164836,0.4253181398981339,-0.18484854730006675,-0.8229479940932057,0.5020333469689598
2025-05-15,1.066741360237382,-0.9390555838376957,-0.5817605826953927,-0.8124666598424929,0.44621739661469584,0.5022370722537863,-0.8153085463311982,0.5304560042710661
2025-05-16,1.007249574242074,-0.9390555838376957,-0.35730537838980014,-0.6979252140776605,0.38591947217848194,-0.14705136311086114,-0.801251372716478,0.7775023413414891
2025-05-19,0.9555219361911048,-0.9390555838376957,-0.39712941788639583,-0.6611813199014392,0.37286266136056134,-0.14795846442153843,-0.7014232329665976,0.7704244804029285
2025-05-20,0.9272525913878277,-0.9390555838376957,-0.3645979192475215,-0.6264802517187001,0.4653718986844171,-0.07913981162174968,-0.6040970014403105,0.7270865471575
2025-05-21,0.8631082355163912,-0.9390555838376957,-0.35960979666075776,-0.5936393504492372,0.47679889721271135,-0.02344456437883119,-0.4891066033555429,0.7597600977178955
2025-05-22,0.8404662472040415,-0.7739712526498932,-0.5093861271639167,-0.35689439306402976,0.46293043833602754,0.012408693263050977,-0.3396099116007944,0.7359828040469505
2025-05-23,0.7955360249701644,-0.6088869214620907,-0.4817944026754979,-0.10526342028951167,0.4664054797558252,-0.13999852848566668,-0.13561982205676895,0.7510298890841319
2025-05-26,0.6176671843163969,-0.6088869214620907,-0.457362300567719,-0.06504182167625373,0.48217564899209575,-0.1411121269145469,-0.051481374256667566,0.7874743705096946
2025-05-27,0.3865651707426272,-0.6088869214620907,-0.42187676310680344,-0.02664696821766439,0.4835972194523449,-0.13800832599304969,-0.050460396229528505,0.6686072502209268
2025-05-28,0.30095925379198013,-0.30444346073104533,-0.3416904079079523,-0.017565184640326283,0.5164653793680805,-0.5340390479310289,-0.03015020609959819,0.5226190093825908
2025-05-29,0.26922811664675483,0.0,-0.20411874402876545,-0.016755780384015716,0.5475480327006649,-0.5394320405115536,-0.019587262798470874,0.35568632175931353
2025-05-30,0.2332638456968119,0.0,-0.12155484645217733,-0.01035141914308948,0.424015802171086,0.24593320632430218,-0.012532100643334224,0.320324068719568
2025-06-02,0.25088834629865914,0.0,-0.08639577980036897,-0.01680985502690555,0.39498192519757414,0.0785884572111748,-0.0009767655919842547,0.24641769753107487
2025-06-03,0.21330610758498392,0.0,-0.1517937415982234,-0.007305519081196029,0.36478777420915404,0.6366744709595663,0.0016402448081830271,0.21789921294558734
2025-06-04,0.21148200084810898,0.0,-0.05134859202201062,-0.01314339632831052,0.31574994268790146,0.5405307887328215,0.019690089978561795,0.290633995151264
2025-06-05,0.22644019322541775,0.0,-0.03725209294463291,-0.009486406989772597,0.26855591332434425,1.0194500327658238,0.006335211874197545,0.29804810405054916
2025-06-06,0.17876139890409046,0.0,-0.0038206378095291408,0.006301420483953932,0.32621296039630526,0.9290182865022175,0.016828027989313078,0.3514318685031636
2025-06-09,0.15444420997228733,0.0,-0.0011897380155931738,0.0025835082880205362,0.30447702250196707,0.861172810261221,0.019551773771727034,0.34147050211652635
2025-06-10,0.13189835085011034,0.0,-0.00414286513513964,0.00018251656598759083,0.3025414771526363,0.8564884547330021,0.021309668419532454,0.26452158457972735
2025-06-11,0.0925710133186341,0.0,0.002522937787762084,-0.0016611521035222213,0.3292426577701754,0.9277730426088531,0.02406927331112451,0.25309187305545816
2025-06-12,0.10898554412743917,0.0,-0.013260807540165662,-0.008510685287539408,0.35185913484385256,0.9220936431503417,0.06567204779979512,0.23502988454853904
2025-06-13,0.1441704555695832,0.0,0.013746539887596934,0.013078696718116936,0.30361934325724366,0.7511855036700854,0.15529991545560817,0.27818222683596694
2025-06-16,0.1968391988630111,0.0,-0.12673749928937,0.11133461178653338,0.4837669509605315,1.0365610885072933,0.16102137456776475,0.3509062332767172
2025-06-17,0.28062762154866894,0.0,-0.1325095113956937,0.08346774251709756,0.48295176888490554,0.9579202940433662,0.20638503350279994,0.4894279943066262
2025-06-18,0.29394470500667746,0.0,-0.1171402628207621,0.10780834579365937,0.5092637913746823,0.916738582210719,0.2581817035189654,0.5351915027399211
2025-06-19,0.29779867849967795,,-0.16133453951717364,0.1335169278204951,0.6198398956737015,0.9481350521790964,0.26990841181527947,0.5576557878118408
2025-06-20,0.3185943041703499,,0.0026345315383467975,0.33081970975990466,1.343819537627034,1.1100519405876128,0.2047428804131766,0.7184746798458702
2025-06-23,0.23705826259587617,,0.014700803976093824,0.36337634405438496,1.516908591721494,1.0997116030517236,0.16131542422322886,0.748153572693542
2025-06-24,0.09728319342199603,,-0.10408489093625099,0.6336823748076805,1.344375128029256,1.0096141397270995,0.008333041884123949,0.9212844271463143
2025-06-25,0.11518488511647142,,-0.3872016814952704,0.22401102045538973,1.120514838666506,1.186602592879564,0.09427433874515029,1.364022390556707
2025-06-26,-0.46357941170455585,,-0.35591513849772327,0.22083370509974945,1.3185007618681897,1.1752784312437894,-0.0019106750293673917,1.4752585015756057
2025-06-27,-1.2394704545035793,,-0.3917931353941199,0.051674534878666904,0.7678910088901733,1.0116892302557268,0.21738014358749597,1.4694259729253671
2025-06-30,-1.2770116803867158,,-0.9822312035524526,-0.9780547291228505,0.8690406961388795,0.8879901187546219,-0.03368974358641709,1.4233619509689708
2025-07-01,-1.2551118199166806,,-1.0023930485902406,-0.9786444845652327,0.9394047426361328,0.8941658725174564,-0.11029554932542729,1.3120587484584891
2025-07-02,-1.7661460376334752,,-1.171008348752678,-0.8498832045404392,0.834354338554775,0.8673879729142328,-0.009492052971891662,1.362427034676528
2025-07-03,-1.7145102923481976,,-1.0243764710115923,-1.6134416103256333,1.1097341946615036,0.6980839341711125,-0.1576863252062828,1.4974837453419183
2025-07-04,-1.7100320808968055,,-0.8818039834682403,-1.581519570042579,1.4989531755632168,0.7303002853506446,-0.23121231961236394,1.5049992701633583
2025-07-07,-1.8028526594904204,,-0.8042620584226516,-1.2874163168292625,1.4020435632922388,0.7647721058702258,-0.27577541223345114,1.0435992042235291
2025-07-08,-1.9520641436634691,,-0.6935298406323656,-1.3173417677349915,1.5204051446639864,0.854400408104709,0.013371597650567129,1.0570106982994008
2025-07-09,-1.9356324646914986,,-0.531934104365569,-1.5454036364429475,1.102020000186772,0.693121770999777,1.197101131730668,0.9703753812535272
2025-07-10,-1.9299804996719347,,-0.6256736386039171,-2.786119505987407,1.1519186838975644,0.7207593034885635,1.696858464480369,0.8894926174808827
2025-07-11,-1.9992103297045047,,-0.6415988726075357,-3.49026205070186,1.1949607874265684,0.6211620555048019,1.7529821070113176,0.8066964660054776
2025-07-14,-2.0518212045534696,,-0.6653221857749784,-3.4592282501233877,1.0388537154535191,0.4634577500794793,2.1100882320484597,0.725567119381485
2025-07-15,-2.3182279449723855,,-0.5779119789790914,-3.584951892228526,1.1492383788938478,0.4276573848942404,1.9390806096341364,0.6352924830069344
2025-07-16,-2.3014272793590305,,-0.5823124234739984,-3.999297283676463,0.7373994160781164,0.20689762019151328,2.1338803501194836,0.3704945669119173
2025-07-17,-1.8954631139301927,,-0.5692297733949089,-3.973233942505342,0.6451841387430841,0.006098452476243698,2.1042485743081065,0.29991160368974645
2025-07-18,-1.6565283186261273,,-0.5667615065846613,-4.105139761564024,0.5347080635725899,0.05418287474619452,2.088582985729081,0.10911800222128457
2025-07-22,-1.6659098540787163,,-0.47662789355249835,-4.107714785352809,0.5187625456558209,0.06371218364623668,2.3586173930534864,0.07738075640412737
2025-07-23,1.8120422009733288,,-0.5365554988692361,-3.833479589352079,0.4444994899015763,0.0719136323708029,2.3186321118663447,-0.007576515491298704
2025-07-24,1.7644687706358566,3.999999999999979,-0.22494350802693577,2.0588310079504155,1.693889046451893,-0.7424978803146907,0.6677972093597148,-1.0081424613690952
2025-07-25,1.7993451771800304,1.0,-0.3441696935027211,1.3148651270168872,1.647928357849695,-0.7641360391027213,0.7882362919878805,-1.0493296008605213
2025-07-28,1.7913020508479904,1.0,-0.3554606429505841,1.3604267066432985,1.566586480304347,-0.8423866557279996,0.36474653268115464,-1.376319956135982
2025-07-29,1.8588480005834134,1.0,-0.3321207936802452,1.1375295412604058,1.467662003380203,-0.8798678224165796,0.5570788238932373,-1.3301071467414416
2025-07-30,1.3817150380839205,1.0,-0.272030380525164,1.264777092759394,1.5854164466599645,-1.0571867698092137,0.17013155401153898,-1.296339796063391
2025-07-31,1.367277513041387,3.0967153490166757,-0.22558200812229726,0.22597349087856972,1.155026788132311,-0.7576892807260984,-3.3338503436795426,-0.3179524848271674
2025-08-01,1.1938520067567542,3.0967153490166757,-0.29607921103649815,-0.21664831671585477,1.0566811737809336,-0.8336691923230729,-2.741728632592514,-0.5819546913008572
2025-08-04,1.146257525040982,3.0967153490166757,-0.27551409764792556,-0.3029754525746787,0.6757759678093345,-1.1514210892065022,-2.344059636162422,-0.08017638602429439
2025-08-05,0.9741308962404778,3.0967153490166757,-0.3413070534394991,-0.10197146301469903,0.4377254547904593,-1.1991771426238633,-1.733544019131687,-0.8823262253616285
2025-08-06,1.002520487836562,3.0967153490166757,-0.4865683623878336,-0.44324063723038065,0.1498634012178062,-1.2937321637646026,-3.354513064739608,-1.1707139301428156
2025-08-07,1.0120153186042595,3.0967153490166757,-0.4272205667172543,-0.35614205551166606,0.23423972296695203,-1.3614217420443298,-3.047732201801907,-1.0406873495354154
2025-08-08,1.190574336135756,3.0967153490166757,-0.2332213862044882,-0.5666739242875899,0.23291903480439677,-1.4686736998079508,-3.037888593095258,-0.7610062546117099
2025-08-12,1.3133163407946427,3.0967153490166757,-0.10627015205219319,-0.011752635961331467,0.3863705409109105,-1.7979692016192659,-3.3213896354550636,-0.7958353001210178
2025-08-13,1.0782375416881098,3.0967153490166757,-0.22404056102223954,0.32275682314464166,0.6777857302867168,-1.8850908790701875,-3.36609809951087,-0.5499983935099866
2025-08-14,0.7659722531190089,3.0967153490166757,-0.27368318429209965,0.3498003379529571,0.6714786890788828,-1.7687004984837211,-3.3412460649734848,-0.5792743427403774
2025-08-15,0.7389384482360536,2.5967153490166783,-0.10539747053971314,0.5830686398786081,0.603242389606003,-1.5057025614921342,-3.33740295659209,-0.3480475227446065
2025-08-18,0.7107971307957319,2.0967153490166757,-0.018824608387998945,0.4537995159246318,0.4976407750554322,-1.4730217425140173,-3.291573689066855,-0.14194963153690954
2025-08-19,0.6912649327491937,2.0967153490166757,-0.02392902912119327,0.4747586564077069,0.3983583858767462,-1.455041458142713,-4.433965435394453,-0.3158002496253369
2025-08-20,0.678052373151802,2.0967153490166757,-0.04375787473954572,0.42654612041114887,0.38311197036371186,-1.3961313775294566,-4.548401460951602,0.004569917767392455
2025-08-21,0.6565191211689096,1.3756360459602879,-0.08610660162437223,0.3539179026266264,0.3839308139959725,-1.3737513418280982,-4.02098292384355,0.005910313257265652
2025-08-22,0.6245710309820799,0.6770771971929749,-0.023349789592898178,0.431602393650682,0.46663668557060856,-1.3616411208735404,-2.611304283849267,0.13039887293565933
2025-08-25,0.5180819543467245,0.6770771971929749,0.24618916883598488,0.30898305474263743,1.2992693635802965,-1.1783621023580584,-2.106842523055946,0.19789317477748228
2025-08-26,0.40641202161537515,0.6972775718759507,-0.2694340663610304,-0.02027703814163717,2.2001933756174346,-0.8662008337403888,-2.4824781261742626,0.6660466226920333
2025-08-27,0.37721535562326064,0.6972775718759507,-0.5978084268872988,-0.5360662274293969,3.2548991883673692,-0.993396901540709,-2.8215939524515146,0.2550720610743638
2025-08-28,0.284511514693667,0.6972775718759507,-0.8191039196333568,-0.6373274177515017,3.021752225592418,-1.109509499457332,-2.2567432667588747,0.21692552460190556
2025-08-29,0.2959976094225657,0.6972775718759507,-1.5491395751332913,-0.7175969867034547,2.3870721562087662,-0.8771289846949524,-1.9162585451018364,0.013169070798123008
2025-09-01,0.29216843656787983,0.6972775718759507,-1.7129995773216227,-0.17667448455756293,2.287630556473698,-0.8138149770434626,-1.8549591903600264,0.04557562744381259
2025-09-02,0.28303530955985545,0.6972775718759507,-2.603806073458409,0.151505623826037,2.5452311824202334,-0.7902207727907129,-1.721928620731848,0.020114294528585163
2025-09-03,0.1120958998886919,0.6972775718759507,-3.297258470213539,0.19673329369970494,2.9535083978966905,-0.8665300351124579,-1.6689214287814245,0.10980966753216875
2025-09-04,0.013221931446354019,0.6972775718759507,-4.678786155272254,-0.2373654501793997,1.9408726587939342,-0.7551370163461477,-1.4842357712512573,-0.43052878759969077
2025-09-05,0.0038129967354421364,0.920124445539641,-4.578045116855916,-0.027032922529769857,1.9299733327119946,-0.399611126920543,-1.5492524514556378,-0.4966451692130752
2025-09-08,-0.0033663996467112136,1.029834669911677,-3.829801497079775,0.14414225054461838,1.4914068976881882,-0.08016647984195292,-1.5145042253818668,-0.3750554324582163
2025-09-09,-0.0016176659311668532,1.029834669911677,-4.063774034320651,-0.0025539046272253702,1.2450576221195486,-0.0027815361098113855,-1.4119920595400963,-0.3235633506940378
2025-09-10,-0.05052524993736703,1.029834669911677,-4.355989652133973,0.0985773127404745,1.1115915061178225,0.011073374885383768,-1.3661857238842656,-0.3027803381023163
2025-09-11,-0.07038168005701188,0.5298346699116758,-5.3328717698374115,-0.28684012400604514,1.4438931864439248,-0.03377897750840991,-1.373075145298661,-0.4837769394179248
2025-09-12,-0.09349140206045459,0.029834669911677048,-5.685967260916983,-0.3741894170296077,1.1471396792990198,-0.11912120098316642,-1.184908850280107,-0.47529544211489183
2025-09-16,-0.07731687356694031,0.029613790495609565,-5.343449440428475,-0.28038867988322963,0.9936316539407772,-0.18150858374543946,-1.024230740564815,-0.41745033775419144
2025-09-17,-0.07859826539655274,0.028970349108790244,-4.127613156802052,-0.09190497223208345,0.7638382405101702,-0.11906769379022882,-0.8976402075691361,-0.38002431036268525
2025-09-18,-0.07762534780769435,0.028970349108790244,-4.1482092145425575,-0.3191258262350867,0.7489357299490879,-0.11258212246170206,-0.7815726327333796,-0.45486998204163154
2025-09-19,-0.11069076093642749,0.028970349108790244,-3.5202261832661508,-0.3270094470999084,0.7439808404878321,-0.03269059143260299,-0.6797419439805865,-0.43337324368065694
2025-09-22,-0.16592463134701618,0.028970349108790244,-2.4820282889756955,-0.4303014600475114,0.6336804452919492,-0.026275755554789525,-0.5900174068199064,-0.5321289608671447
2025-09-24,-0.24148540949056055,0.028970349108790244,-1.1669381414475353,-0.6362349924403304,0.21955052162286212,0.19168750852207994,-0.5084897082880403,-0.2570747471768001
2025-09-25,-0.2350446154207478,0.028970349108790244,-1.1143799141435267,0.028069657104163766,0.3800771800042939,0.44774632632557826,-0.4332002010594378,-0.5553147742222552
2025-09-26,-0.38646465870335167,0.028970349108790244,-1.090999341778994,0.08106968060196726,0.22492108796648258,0.4209714379894018,-0.40992776013206755,-0.5764186802002904
2025-09-29,-0.8245891234562764,0.028970349108790244,-0.9145281437036396,0.12817831848854103,0.08432080226019448,0.5280700934856315,-0.4937569858836748,-0.673115149285167
2025-09-30,-1.148123791560981,1.4161128096249131,-1.867194969400137,-0.6461378459587355,-2.333400655676323,0.6760949323823642,-0.134442246951735,-1.5706549694302694
2025-10-01,-1.7390205550385238,2.376223318571408,-2.6570640188212176,-0.8112293094914078,-5.872463497835517,1.204046634090887,-0.03192304971714302,-2.327071563466905
2025-10-02,-2.476289453278224,4.285561676786733,-3.7487078994509955,5.684662871881485,-6.167644778570741,-1.0905015127266944,0.46921891733185733,-3.0379455778785114
2025-10-03,-2.5865727158464926,4.285561676786733,-4.032029844336576,6.83305162317176,-4.540317525724519,0.2706869820827066,1.1229153163109624,-4.762131099408585
2025-10-06,-3.1016986243710436,15.77152679542094,-4.1852971356145785,9.465054311249471,-0.5991967759380384,0.5084004204432263,1.3174082516567367,-5.00540025463056
2025-10-07,-3.525585675261095,147.92923829441872,-4.903239637795613,26.671148189215284,6.981094100106097,2.8308093026142367,2.46203791250877,-5.52795550135589
2025-10-08,-3.5244518589908878,192.81420356457596,-4.3428475034394545,27.69940096334166,9.477506114807877,3.4017482321255312,3.884562776357798,-7.088043493803954
2025-10-09,-3.647500646827705,192.31420356457596,-4.059255137967624,27.58393370667581,9.361738215600262,3.4684515741118322,3.6038430371538412,-7.3031165191529
2025-10-10,-3.5887568929921962,192.31420356457596,-3.5383597788792844,25.69370000090923,9.665199340976136,3.2987185841686166,2.651763772148275,-6.593355157409586
2025-10-14,-3.5688409469137805,192.31420356457596,-3.183027830508713,25.204020483502116,10.903573505874915,2.83981035945208,2.6375099620594415,-6.554821353601087
2025-10-15,-3.587698756274608,192.31420356457596,-3.0765083664466117,24.262155293792013,10.80083108250307,2.767887994480241,2.634433064695456,-6.539038576015443
2025-10-16,-3.728813393798307,192.31420356457596,-2.7546883157757307,19.496991072550784,11.043970983831757,2.958483791391177,2.835033314074594,-5.825518353306044
2025-10-17,-3.7221592625374917,201.68936111139027,-2.47333144594205,13.386221748850133,9.512812037558255,2.208992298378982,2.6098888507279083,-5.967840816713211
2025-10-20,-4.040827814201017,201.68936111139027,-2.484577263498596,12.435636197904103,10.673833512306006,2.288579883143308,2.6074065586906237,-5.853427461795382
2025-10-21,-3.090464417526863,15.550015858770823,-2.0084907625775563,10.174615360926337,9.043684269405743,1.670238239943468,2.407969926133444,-6.425561045402084
2025-10-22,-2.3427257533675423,3.5280892084240225,-1.5391676190311534,10.064927785777838,7.794871960688283,1.0225455022543897,1.7627308887933115,-4.9929220753336985
2025-10-23,-1.8399151028881335,2.047623139621036,-1.267501978167956,6.143241250189783,6.383103426932984,0.9022474337156781,2.031532151788591,-3.2507090379027406
2025-10-24,-1.4900854045780585,1.363417830287036,-0.9450415368754064,2.461728222962363,6.126275969601705,0.629673565214174,1.2474592423848625,-2.508436133471346
2025-10-27,-1.3504124222429845,1.363417830287036,-0.9312002384664082,2.115197323356828,5.8719838685565175,0.35514691914472146,0.8784128231003623,-1.7442187653538344
2025-10-28,-1.1538701196860293,1.363417830287036,-0.9391455814929185,1.4092393983511924,2.891627340498392,0.5036499625762663,0.7579149128403435,-1.583529787408935
2025-10-29,-1.0976417652928738,1.26629259948088,-0.8638353876006718,0.9705928343772413,1.0643499874102513,0.562741641377503,0.748215534982249,-1.3375129466628548
2025-10-30,-1.1023589022684093,1.0806999716705001,-0.8028315310165257,0.9947326384594566,1.0310784510056084,0.8736653339899322,0.7571551086354693,-1.1611518807442769
2025-10-31,-1.0939200613188602,1.0821048340670878,-0.7830320712053305,0.98688873189502,0.9724984291027476,0.46042625562354733,0.7874929526942199,-1.0901840324318213
2025-11-04,-1.1203515809535416,1.0821048340670878,-0.7682516790491376,0.9023257950024379,0.9501839330307034,0.4447506070422108,0.8615934299769479,-1.1443607761184087
2025-11-05,-1.0925230785575561,1.0821048340670878,-0.775162960544009,0.858515214935724,0.9229133944894278,0.5126390630685134,0.85184878158928,-1.1275357620786615
2025-11-06,-1.0657656889062672,0.9427322605235897,-0.7615896202292421,0.8798877720596292,0.8065920989587749,1.2464355775154161,0.8634221029993473,-1.193148802328542
2025-11-07,-1.0941159896274595,1.0692485643542784,-0.8158578922539481,0.8811187315579898,0.6111681426234907,1.1788500104843367,0.9819256696993202,-1.2185565932183455
2025-11-10,-1.0791862364822244,1.1732010932234398,-0.904054774497664,0.8011997695089591,0.6626017462716094,1.536532152397236,1.284637721993435,-1.2676047736848726
2025-11-11,-0.9753784399139652,1.1323005282811847,-0.8977035591632049,0.7911445395271612,0.6584008842754303,1.475703871600932,0.9701670159514695,-1.240541075943907
2025-11-12,-0.8736034206810153,1.0135995355617522,-0.8454677844686124,0.7956980272405407,0.6591067499607249,1.2750994150729815,0.9240642847167014,-1.1183932129474443
2025-11-13,-0.7476653177770198,0.8127396631480857,-0.6825703158935927,0.7953976638445198,0.6774129584666465,1.1178004750337796,0.8502261738761531,-1.0046344331485448
2025-11-14,-0.6005771606026473,0.5671942784562879,-0.40435478845808576,0.6096254285292413,0.6277385230490287,0.8858031311218463,0.7402957964234859,-0.919613452250483
2025-11-17,-0.47966313514905484,0.40380777345872415,-0.21703218139188352,0.37949182514278057,0.6156654004878817,0.9782213101485673,0.5347920333432761,-0.7819221232474936
2025-11-18,-0.3601857414123378,0.40380777345872415,-0.129619663277758,0.3244979517379582,0.6968016663858271,0.859150273335697,0.38831522168083643,-0.6454031783895862
2025-11-19,-0.24776832546997335,0.340261195182271,-0.07549767865414826,0.08060457458596566,0.5108115113663227,0.8424675282157852,0.3233824353064851,-0.6325461491210719
2025-11-20,-0.19624903436409274,0.25505202655432135,-0.0377446631709944,-7.867914217828225e-06,0.2462946216510646,0.7315138443414145,0.2702057867570952,-0.5165352171372537
2025-11-21,-0.2411335766814218,0.14184682781930977,-0.0066032850470057565,-0.08411553533096143,0.16320631595779386,0.7103748528911928,0.2582117598114319,-0.40002074007669475
2025-11-25,-0.2379902094752367,0.11268906999323304,-0.013158060284959043,-0.1749723340594938,0.1339165708837097,0.49205706162528934,0.4049877993227762,-0.4848963468904441
2025-11-26,-0.26018632347493126,0.11168494287547946,-0.017455741263322527,-0.1398545436344662,0.07247663215288706,0.46076514967393306,0.3623407736056297,-0.3507789613269212
2025-11-27,-0.25992866089979444,0.16645360772617365,-0.004951906449674532,-0.21935516257151952,0.16159055106487974,0.2550079628048976,0.34819191721943826,-0.3944905370645775
2025-11-28,-0.2636185462321636,0.16645360772617365,-0.0013867273094619243,-0.22547412071831358,0.16493998261042636,0.1892473644058106,0.31972490898536643,-0.3744684691360447
2025-12-01,-0.2807839048102873,0.16497666146706208,-0.005123721357386222,-0.23955420115486603,0.14407695824114286,-0.07616733427923357,0.351822464029001,-0.3901997769052533
2025-12-02,-0.233156671878097,0.203112406989722,-0.018859653744176596,-0.28725181008977035,0.08080571345865603,0.1280791968107956,0.3000531950846858,-0.42271318522065515
2025-12-03,-0.1969602965222214,0.1813659827664707,-0.005615705593818708,-0.2735087306030932,0.06054583511605542,0.06725521423567118,0.3029260642665085,-0.3812980880286882
2025-12-04,-0.14134746010350635,0.21762105639264684,-0.005208688305393976,-0.2536824270285393,0.02653080381724989,0.009819064690998747,0.25223993422274543,-0.3568983095212327
2025-12-05,-0.10599402748803174,0.27373517208730647,-0.03189433456131654,-0.2087959630819248,0.017195969470095367,-0.20579428767976365,0.1617768817701603,-0.4586264822983287
2025-12-08,-0.14755763555440526,0.3874867339486306,-0.07026828034360559,-0.25246155866055403,0.0012923061964785036,-0.07133940418427467,0.22219591054360935,-0.4715231062094107
2025-12-09,-0.21175117265045146,0.42587712195404526,-0.11748935462544036,-0.3303814616451966,0.0019439355877441259,0.06882957213065942,0.30778496206879263,-0.5977717792505866
2025-12-10,-0.2209657243146897,0.5045548631182778,-0.03465527693553042,-0.417662570493946,-0.11409019195943373,-0.2416110354103016,0.47305386461249405,-0.784997349964022
2025-12-11,-0.29898405253020205,0.5023279079241677,-0.002471642181500307,-0.39401693120875936,-0.11110673830528811,-0.2212115207336704,0.44889888376086057,-0.7601868525304122
2025-12-12,0.024629662970478455,0.7253531605114748,-0.0035022345655984152,-0.45532751879033584,-0.22758690199297718,-0.12273119775823577,0.36880900760901925,-0.9345031020286685
2025-12-15,0.07160660643323104,0.9895276655442229,0.3905642007063436,-0.23905545357704241,-1.0518548859265051,-0.674781939741838,0.032892800639255794,-1.1160923818371802
2025-12-16,0.06125242741364853,0.9761365201115236,0.397714001993427,-0.25755636054047154,-1.177498934177021,-0.6119013790272434,0.16248958175470196,-1.1927687816255437
2025-12-17,0.056208136542000055,0.9418529948307407,0.4676821234615232,-0.4921546232254017,-1.1895763437576343,-0.6883220886069952,0.2855134662210706,-1.1202678057397062
2025-12-18,0.05617252608658673,0.9418529948307407,0.5317689515068129,-0.49312268440110246,-1.2068841423509722,-0.6706141796150284,0.31780449747989464,-0.9779052511035592
2025-12-19,0.06447282346663458,0.9418529948307407,0.4796494133956942,-0.4962835679558637,-1.1054578934726809,-0.6346381385501128,0.27967905971116186,-0.8328548614716198
2025-12-22,0.0700303033321649,0.79761386796508,0.43359852395633486,-0.4803781597593494,-0.9804006904299659,-0.6779872731114347,0.3164688580900025,-0.820307507098052
2025-12-23,-0.010061967793797953,0.7278045559113018,0.5066074749833631,-0.42871681518831856,-0.8751974087259913,-0.6662195179480281,0.14628280095722962,-0.7550790964256923
2025-12-24,0.05289536808219819,0.7502625300503477,0.7533477023404893,-0.5256182057572134,-1.1092058880146676,-0.5064227587963003,0.04961716705817171,-0.636087970590638
2025-12-25,-0.06677030692736816,0.678096169920287,0.641342190309219,-0.4679049690074688,-1.0750737737631806,-0.48159011636235394,0.25933097348424,-0.55903231900912
2025-12-26,-0.07153576593673566,0.678096169920287,0.7362134093353194,-0.5058491423222633,-1.1140889278039405,-0.37748948490961287,0.09285755395040546,-0.6689956531414278
2025-12-29,-0.15510460725631636,0.532326792349071,0.7396882562908225,-0.48301733409870146,-1.1183730983721274,-0.32777332070692633,0.06969950954736541,-0.6512838113865212
2025-12-30,-0.21161175008958888,0.3834135637177744,0.7256939835207601,-0.48748645336980057,-1.226163342382416,-0.23950284240705846,0.22735064557625628,-0.642307523534593
2026-01-05,-0.2717498237069745,0.3742815279570923,0.7715114701550404,-0.5089427134151495,-1.036115148962447,-0.35487424459669614,0.6808288499519821,-0.5023601646195696
2026-01-06,-0.2470938967007732,0.35670853352567994,0.7932768117531618,-0.6611263740362169,-1.121523899903791,-0.5061072366442932,0.5234832786119716,-0.5186534571996549
2026-01-07,0.23748459576115796,0.33913553909426664,0.8700633148543556,-0.7003923708667933,-0.9891893668553418,-0.48459771559224135,-0.39599534970597833,-0.48237647143942614
2026-01-08,0.32276172636257955,-0.01758133545094042,0.9814593078659541,-0.04754975623232367,-0.7625204255881654,-0.8260908512198524,-1.9239772931292105,-0.46139489507876397
2026-01-09,0.6082515782726762,-0.019025211464453226,1.2551839799299067,0.21471272455370016,-0.7607232846692485,-0.72419311234055,-1.95706604432114,-0.4587810062762895
2026-01-13,3.108157619310912,-0.019371471083413742,1.6021453930642493,0.29258722563521755,-0.4798239004278409,-0.3409137688210741,-1.2398676767071293,-0.4314055078133106
2026-01-14,3.1397638337330536,-0.019371471083413742,3.2834791024775956,0.8658728938617486,-0.6605101583906603,-0.11345434561068067,-4.361610932145426,-0.5740749211503208
2026-01-15,3.3085311217848625,-0.019371471083413742,2.9937086137052202,0.698215429493212,-0.613732807319496,-0.18014123528731052,-4.22649210167559,-0.6497784533295179
2026-01-16,3.42711563810065,-0.023187420221622387,2.3142638153437343,0.7325752280733541,-0.4910076525389131,-0.15843800425475307,-3.1143931696644627,-0.7882130774398909
2026-01-19,3.546957715329782,-0.02481696937478847,2.1979109350383244,0.7818382041671679,-0.4137608620820351,0.03659524103330716,-2.71793860948247,-0.7520402150330097
2026-01-20,3.8310008142942067,-0.02481696937478847,2.0888396429665232,0.8132014000010472,-0.35296489581473167,0.3310297122819818,-1.5588623892721865,-0.46941801187982996
2026-01-21,-5.769348644765326,-0.02481696937478847,1.8233180937884035,0.8729094206356964,0.12515258178728947,1.3383598984132816,-0.03841893703492049,-0.6552085336447288
2026-01-22,-5.688617629184626,-0.02481696937478847,1.7333470456065434,-1.0853706795607547,-1.1147573061783214,2.3521237511918143,1.4638503145699484,0.41763201164616803
2026-01-23,-5.8357087950259405,-0.03662766592689662,1.6225598973800022,-0.8407723295859099,-1.0625391399563835,2.293242178141129,1.4441111021337107,0.42787262686425237
2026-01-26,-4.628146904889753,-0.04353374489464644,1.6146636484183394,-1.003815683674283,-0.9272019385955739,2.508281699386728,1.8986435249239244,0.6120047044101811
2026-01-27,-5.0176100811475095,-2.503502778244389,1.7407846395150977,-0.5939668728805703,-1.0978533910090273,2.131517789874426,1.636542373351587,1.6023768738770692
2026-01-28,-4.243806909636305,-2.503502778244389,1.5251408091510632,-0.6432083231616499,-1.1650530189482493,2.5174167138182826,2.0484612137567435,1.8169093532474563
2026-01-29,-3.909940822233349,-3.8016783060899213,0.8488688084899372,-0.41697583706801783,-1.1254339172465382,2.297442147108262,0.1525788077691603,2.2673913716595093
2026-01-30,-3.655354254848967,-3.8016783060899213,1.4532300484455756,-0.2123858199442664,-1.2201142493774602,2.278821650362135,-0.6745794716605452,2.6089656012647446
2026-02-02,-3.4970920006925725,-3.8016783060899213,0.599093645178013,-0.1647917433277267,-0.9861867851033556,2.0208068751573216,-0.884542081976842,2.6559881266398926
2026-02-03,-3.062610462534558,-3.8016783060899213,-0.17338277464276836,-0.4003476399024413,-0.5079664343507829,2.0244562710058003,-0.7586347880828469,2.628692659986357
2026-02-04,-2.4580491795397448,-3.8016783060899213,0.13204739856181263,-1.0499247071321638,-0.7209735220180156,2.005339980457265,-0.8766626262534007,2.678853542433853
2026-02-05,-2.2988601299001417,-3.8016783060899213,0.6013758549641208,-1.092502625937994,-1.0647564299201286,1.9495368579640122,-0.5086226860256385,2.7185132922987685
2026-02-06,-2.4274049940380413,-3.8016783060899213,0.6114820105320733,-0.9575663382277271,-0.9064607534848224,1.7509221378074855,-0.4646928906013349,2.4658444602741745
2026-02-09,-2.4447030918413826,-3.180276210093374,0.47920917194350543,-1.0944231497384032,-0.857966158206491,1.9185170451784952,1.0307959268058267,2.5953219637086002
2026-02-10,-1.7476795008198005,-2.1423784860897723,0.3925266729204784,-2.6289394383818476,-1.2533841116600204,2.088398612221486,1.4953068270595615,2.40055817721818
2026-02-12,-1.0923762807371644,-2.1423784860897723,0.36875347005333636,-3.5546086257181018,-1.2062528719668149,1.6668849552188065,1.3026986059566383,2.423892110704661
2026-02-13,-1.035477883771164,-2.028570160771935,0.20615754385776344,-3.5422239752662366,-1.1065756282500891,0.9824032169425305,1.5117458067829421,2.1971333783604106
2026-02-16,-0.8783645290102946,-2.028570160771935,0.007258672432575051,-4.370299364757114,-0.8982798915724215,1.1201269007593808,2.637483197057712,2.021827506521198
2026-02-17,-0.8357601230282695,-2.0022307409213864,0.008867174417780727,-4.155696339545051,-0.826995973823581,1.0153463492955492,2.944747737471442,1.7428189446638307
2026-02-18,-0.8202378073745086,-1.2731479115515016,-0.07668749860367133,-4.416282562696805,-0.7383314265974038,0.919869587305497,3.718531278012857,1.1086562233777404
2026-02-19,-0.8181274811965736,-1.1782437783955324,-0.06529846826374903,-4.180158563427051,-0.6943206281693125,0.8615486609971684,3.368351968835374,0.9908535664638628
2026-02-20,-0.6254698821096589,-0.9629095722845815,0.004058893626854822,-3.997546969100045,-0.7501420158163663,0.8215549323078578,2.754180335040364,0.895396477591684
2026-02-24,-0.6122900025119405,-1.23607196598317,0.034692470183697026,-3.0615410100501976,-1.2725571732702985,0.8318881659181261,1.4107578634159983,0.7939567354874073
2026-02-25,-0.5965561365383065,-1.1967585693628913,0.060474878432976456,-2.9457147170700484,-1.4029314567731885,0.8300585778867342,1.1613686229430595,0.824301534496523
2026-02-26,-0.5730120023710902,-1.1967585693628913,0.10416751933129477,-2.842496993191486,-1.2267117143672148,0.8153628316316109,0.8435604611554403,0.8906498248796616
2026-02-27,-0.5427824633957241,-1.1967585693628913,0.062068018160013415,-2.6191808125822913,-1.342930245898775,0.8352197239250275,0.8383292826030655,0.8973540665985854
2026-03-02,-0.47595105590603143,-1.1967585693628913,0.025048578289874043,-2.5554889332499613,-1.4889401682853585,0.8577568273105648,0.8640152382420053,0.8724734092241535
2026-03-03,0.006340776437299384,-1.1967585693628913,0.5134354058403328,-2.782448173497199,-1.5785527044861647,0.5712585031982879,0.9286101945773124,0.9017370097699015
2026-03-04,0.3224958665320752,-2.1646903597437936,0.9663441369241046,-1.5983175835395165,-0.7324143954278041,0.6397478467076163,1.2064601676934026,0.7344699016094011
2026-03-05,0.3245323853163805,-2.7612456569986783,1.8527482644024078,-0.9712449611078683,-1.1485352164067213,0.6664015021613972,1.3277938410790935,0.6164168963074168
2026-03-06,0.29887090190868004,-2.7612456569986783,1.8599346768869192,-0.9766173322647643,-0.9943126263231918,0.4818973374307346,1.744855439130224,0.7083242316762889
2026-03-09,0.41628354813048385,-2.7612456569986783,1.5431721144369852,-0.90028854220001,-1.2502680090759906,0.1802308326210424,2.0131602473911796,0.6870638551112974
2026-03-10,0.4705464354510318,-2.7443454790408213,1.2754111866148012,-0.9816899398355688,-1.4377583430540108,-0.17497778637700767,1.5011370422512824,0.4842195592131413
2026-03-11,0.4113610773540857,-2.285131318240141,1.192643960854309,-0.9600285943064948,-1.4772562212154439,-0.3430984698873177,1.4240876467442043,0.1882310999078108
2026-03-12,0.35309952281686746,-2.052644529586317,1.1539861861860334,-0.9127748639776636,-1.4133777368378824,-0.44827042965534275,1.39788809736983,-0.003253619035638957
2026-03-13,0.42497096247799104,-1.9488242813046885,1.0776101651371341,-0.8500974069791436,-1.0576462665899797,-0.38207779061032443,1.4111273168026237,-0.07620579364129583
2026-03-16,0.4230619505377621,-1.9914026527870294,1.128192847433948,-0.7356910742104008,-0.6310570570645263,-0.24087909407486832,1.5519545436143798,-0.08638150248162252
2026-03-17,0.41205204170875476,-1.71479511918726,1.100263694910608,-0.6738525911293927,-0.7010752308855142,-0.2981118375585963,1.531181670489662,-0.10025680299423231
2026-03-18,0.4100254740570578,-1.6970777593345832,0.9608863702241317,-0.6579115830461694,-0.5972453009213614,-0.3007251301463278,1.3513928369397639,-0.10886525134504607
2026-03-19,0.45775012257935765,-1.6970777593345832,0.9273197076664703,-0.7058269784317039,-0.6625281576119545,-0.3168650649050075,1.2826822722062392,-0.0664023776110203
2026-03-23,0.473288879676393,-1.6970777593345832,1.0661530188748767,-0.7456944326860747,-0.5554805675834442,-0.4576740739825606,1.516538220622074,-0.15871993520765185
